full_name,email,mobile_number,city
John Carter,john.carter@example.com,+1-415-555-0198,San Francisco
Aisha Rahman,aisha.rahman@example.com,9876543210,Bengaluru
Luis Mendoza,luis.mendoza@example.net,+52 55 1234 7788,Mexico City
Priya Nair,priya.nair@example.org,9123456780,Mumbai
Chen Wei,chen.wei@example.com,+86 138 0013 8000,Shanghai
User 100,user100@sample.dev,9000000100,Delhi
User 101,user101@sample.dev,9000000101,Austin
User 102,user102@sample.dev,9000000102,London
User 103,user103@sample.dev,9000000103,Tokyo
User 104,user104@sample.dev,9000000104,Sydney
User 105,user105@sample.dev,9000000105,Delhi
User 106,user106@sample.dev,9000000106,Austin
User 107,user107@sample.dev,9000000107,London
User 108,user108@sample.dev,9000000108,Tokyo
User 109,user109@sample.dev,9000000109,Sydney
User 110,user110@sample.dev,9000000110,Delhi
User 111,user111@sample.dev,9000000111,Austin
