email_id,address,country
john.carter@example.com,"12 Market St, San Francisco, CA",US
aisha.rahman@example.com,"88 MG Road, Bengaluru",IN
priya.nair@example.org,"14 Marine Drive, Mumbai",IN
user108@sample.dev,108 Sample Ave,US
user109@sample.dev,109 Sample Ave,US
user110@sample.dev,110 Sample Ave,IN
user111@sample.dev,111 Sample Ave,US
user112@sample.dev,112 Sample Ave,US
user113@sample.dev,113 Sample Ave,US
user114@sample.dev,114 Sample Ave,US
user115@sample.dev,115 Sample Ave,IN
user116@sample.dev,116 Sample Ave,US
user117@sample.dev,117 Sample Ave,US
user118@sample.dev,118 Sample Ave,US
user119@sample.dev,119 Sample Ave,US
